"electricity generation in Austria",Value,Year,Units
"Coal",6739,2000, GWh
"Coal",8033,2001, GWh
"Coal",7817,2002, GWh
"Coal",9512,2003, GWh
"Coal",9109,2004, GWh
"Coal",8487,2005, GWh
"Coal",8750,2006, GWh
"Coal",7975,2007, GWh
"Coal",6951,2008, GWh
"Coal",5033,2009, GWh
"Coal",6703,2010, GWh
"Coal",7335,2011, GWh
"Coal",6226,2012, GWh
"Coal",6125,2013, GWh
"Coal",4868,2014, GWh
"Coal",5060,2015, GWh
"Coal",3969,2016, GWh
"Coal",3914,2017, GWh
"Coal",3619,2018, GWh
"Coal",3413,2019, GWh
"Coal",2356,2020, GWh
"Coal",2157,2021, GWh
"Coal",1961,2022, GWh
"Coal",1928,2023, GWh
"Oil",1702,2000, GWh
"Oil",1818,2001, GWh
"Oil",1448,2002, GWh
"Oil",1861,2003, GWh
"Oil",1820,2004, GWh
"Oil",1642,2005, GWh
"Oil",1644,2006, GWh
"Oil",1284,2007, GWh
"Oil",1245,2008, GWh
"Oil",1136,2009, GWh
"Oil",1273,2010, GWh
"Oil",1015,2011, GWh
"Oil",743,2012, GWh
"Oil",695,2013, GWh
"Oil",665,2014, GWh
"Oil",863,2015, GWh
"Oil",1000,2016, GWh
"Oil",852,2017, GWh
"Oil",716,2018, GWh
"Oil",692,2019, GWh
"Oil",725,2020, GWh
"Oil",709,2021, GWh
"Oil",665,2022, GWh
"Oil",781,2023, GWh
"Natural gas",7851,2000, GWh
"Natural gas",8746,2001, GWh
"Natural gas",9305,2002, GWh
"Natural gas",11164,2003, GWh
"Natural gas",10953,2004, GWh
"Natural gas",13027,2005, GWh
"Natural gas",10668,2006, GWh
"Natural gas",9903,2007, GWh
"Natural gas",11180,2008, GWh
"Natural gas",12342,2009, GWh
"Natural gas",14351,2010, GWh
"Natural gas",12436,2011, GWh
"Natural gas",9712,2012, GWh
"Natural gas",6650,2013, GWh
"Natural gas",5320,2014, GWh
"Natural gas",7663,2015, GWh
"Natural gas",8487,2016, GWh
"Natural gas",10913,2017, GWh
"Natural gas",9917,2018, GWh
"Natural gas",11315,2019, GWh
"Natural gas",9954,2020, GWh
"Natural gas",10617,2021, GWh
"Natural gas",10873,2022, GWh
"Natural gas",7495,2023, GWh
"Hydro",43219,2000, GWh
"Hydro",41837,2001, GWh
"Hydro",42020,2002, GWh
"Hydro",35292,2003, GWh
"Hydro",38966,2004, GWh
"Hydro",39437,2005, GWh
"Hydro",38056,2006, GWh
"Hydro",39199,2007, GWh
"Hydro",40666,2008, GWh
"Hydro",43668,2009, GWh
"Hydro",41558,2010, GWh
"Hydro",37780,2011, GWh
"Hydro",47741,2012, GWh
"Hydro",45778,2013, GWh
"Hydro",44833,2014, GWh
"Hydro",40591,2015, GWh
"Hydro",43008,2016, GWh
"Hydro",42175,2017, GWh
"Hydro",41219,2018, GWh
"Hydro",44204,2019, GWh
"Hydro",45343,2020, GWh
"Hydro",42678,2021, GWh
"Hydro",39140,2022, GWh
"Hydro",44523,2023, GWh
"Biofuels",1497,2000, GWh
"Biofuels",1634,2001, GWh
"Biofuels",1484,2002, GWh
"Biofuels",1571,2003, GWh
"Biofuels",1779,2004, GWh
"Biofuels",2294,2005, GWh
"Biofuels",3023,2006, GWh
"Biofuels",3837,2007, GWh
"Biofuels",3954,2008, GWh
"Biofuels",4062,2009, GWh
"Biofuels",4266,2010, GWh
"Biofuels",4348,2011, GWh
"Biofuels",4439,2012, GWh
"Biofuels",4440,2013, GWh
"Biofuels",4216,2014, GWh
"Biofuels",4345,2015, GWh
"Biofuels",4449,2016, GWh
"Biofuels",4605,2017, GWh
"Biofuels",4593,2018, GWh
"Biofuels",4297,2019, GWh
"Biofuels",4263,2020, GWh
"Biofuels",4125,2021, GWh
"Biofuels",4402,2022, GWh
"Biofuels",4188,2023, GWh
"Waste",160,2000, GWh
"Waste",254,2001, GWh
"Waste",255,2002, GWh
"Waste",367,2003, GWh
"Waste",556,2004, GWh
"Waste",585,2005, GWh
"Waste",764,2006, GWh
"Waste",802,2007, GWh
"Waste",792,2008, GWh
"Waste",822,2009, GWh
"Waste",802,2010, GWh
"Waste",775,2011, GWh
"Waste",927,2012, GWh
"Waste",874,2013, GWh
"Waste",889,2014, GWh
"Waste",982,2015, GWh
"Waste",1046,2016, GWh
"Waste",1010,2017, GWh
"Waste",1052,2018, GWh
"Waste",1145,2019, GWh
"Waste",1067,2020, GWh
"Waste",1068,2021, GWh
"Waste",1109,2022, GWh
"Waste",1098,2023, GWh
"Wind",67,2000, GWh
"Wind",105,2001, GWh
"Wind",140,2002, GWh
"Wind",372,2003, GWh
"Wind",934,2004, GWh
"Wind",1331,2005, GWh
"Wind",1752,2006, GWh
"Wind",2037,2007, GWh
"Wind",2011,2008, GWh
"Wind",1954,2009, GWh
"Wind",2063,2010, GWh
"Wind",1936,2011, GWh
"Wind",2462,2012, GWh
"Wind",3152,2013, GWh
"Wind",3845,2014, GWh
"Wind",4840,2015, GWh
"Wind",5234,2016, GWh
"Wind",6571,2017, GWh
"Wind",6030,2018, GWh
"Wind",7450,2019, GWh
"Wind",6791,2020, GWh
"Wind",6740,2021, GWh
"Wind",7241,2022, GWh
"Wind",8036,2023, GWh
"Solar PV",3,2000, GWh
"Solar PV",5,2001, GWh
"Solar PV",9,2002, GWh
"Solar PV",15,2003, GWh
"Solar PV",18,2004, GWh
"Solar PV",21,2005, GWh
"Solar PV",22,2006, GWh
"Solar PV",24,2007, GWh
"Solar PV",30,2008, GWh
"Solar PV",48,2009, GWh
"Solar PV",88,2010, GWh
"Solar PV",174,2011, GWh
"Solar PV",337,2012, GWh
"Solar PV",625,2013, GWh
"Solar PV",785,2014, GWh
"Solar PV",937,2015, GWh
"Solar PV",1096,2016, GWh
"Solar PV",1268,2017, GWh
"Solar PV",1455,2018, GWh
"Solar PV",1702,2019, GWh
"Solar PV",2042,2020, GWh
"Solar PV",2773,2021, GWh
"Solar PV",3782,2022, GWh
"Solar PV",6394,2023, GWh
"Geothermal",,2000, GWh
"Geothermal",,2001, GWh
"Geothermal",3,2002, GWh
"Geothermal",3,2003, GWh
"Geothermal",2,2004, GWh
"Geothermal",2,2005, GWh
"Geothermal",3,2006, GWh
"Geothermal",2,2007, GWh
"Geothermal",1,2008, GWh
"Geothermal",1,2009, GWh
"Geothermal",1,2010, GWh
"Geothermal",1,2011, GWh
"Geothermal",0,2012, GWh
"Geothermal",0,2013, GWh
"Geothermal",0,2014, GWh
"Geothermal",0,2015, GWh
"Geothermal",0,2016, GWh
"Geothermal",0,2017, GWh
"Geothermal",0,2018, GWh
"Geothermal",0,2019, GWh
"Geothermal",,2020, GWh
"Geothermal",,2021, GWh
"Geothermal",0,2022, GWh
"Geothermal",0,2023, GWh
"Other sources",19,2000, GWh
"Other sources",17,2001, GWh
"Other sources",18,2002, GWh
"Other sources",17,2003, GWh
"Other sources",15,2004, GWh
"Other sources",2,2005, GWh
"Other sources",17,2006, GWh
"Other sources",17,2007, GWh
"Other sources",18,2008, GWh
"Other sources",16,2009, GWh
"Other sources",17,2010, GWh
"Other sources",11,2011, GWh
"Other sources",11,2012, GWh
"Other sources",14,2013, GWh
"Other sources",13,2014, GWh
"Other sources",14,2015, GWh
"Other sources",15,2016, GWh
"Other sources",12,2017, GWh
"Other sources",13,2018, GWh
"Other sources",12,2019, GWh
"Other sources",11,2020, GWh
"Other sources",16,2021, GWh
"Other sources",14,2022, GWh
"Other sources",12,2023, GWh