"electricity generation in Czechia",Value,Year,Units
"Coal",54968,2000, GWh
"Coal",54937,2001, GWh
"Coal",52263,2002, GWh
"Coal",53106,2003, GWh
"Coal",52825,2004, GWh
"Coal",52267,2005, GWh
"Coal",52255,2006, GWh
"Coal",56687,2007, GWh
"Coal",51852,2008, GWh
"Coal",48629,2009, GWh
"Coal",49739,2010, GWh
"Coal",49523,2011, GWh
"Coal",46567,2012, GWh
"Coal",43711,2013, GWh
"Coal",43531,2014, GWh
"Coal",43837,2015, GWh
"Coal",44641,2016, GWh
"Coal",43925,2017, GWh
"Coal",43570,2018, GWh
"Coal",39449,2019, GWh
"Coal",32686,2020, GWh
"Coal",34807,2021, GWh
"Coal",37444,2022, GWh
"Coal",30392,2023, GWh
"Oil",372,2000, GWh
"Oil",386,2001, GWh
"Oil",384,2002, GWh
"Oil",368,2003, GWh
"Oil",348,2004, GWh
"Oil",326,2005, GWh
"Oil",258,2006, GWh
"Oil",115,2007, GWh
"Oil",131,2008, GWh
"Oil",156,2009, GWh
"Oil",199,2010, GWh
"Oil",174,2011, GWh
"Oil",113,2012, GWh
"Oil",79,2013, GWh
"Oil",105,2014, GWh
"Oil",94,2015, GWh
"Oil",92,2016, GWh
"Oil",119,2017, GWh
"Oil",107,2018, GWh
"Oil",118,2019, GWh
"Oil",89,2020, GWh
"Oil",92,2021, GWh
"Oil",81,2022, GWh
"Oil",89,2023, GWh
"Natural gas",1691,2000, GWh
"Natural gas",1580,2001, GWh
"Natural gas",1605,2002, GWh
"Natural gas",1584,2003, GWh
"Natural gas",1543,2004, GWh
"Natural gas",1470,2005, GWh
"Natural gas",1567,2006, GWh
"Natural gas",1370,2007, GWh
"Natural gas",1018,2008, GWh
"Natural gas",975,2009, GWh
"Natural gas",1362,2010, GWh
"Natural gas",1397,2011, GWh
"Natural gas",1479,2012, GWh
"Natural gas",2025,2013, GWh
"Natural gas",1806,2014, GWh
"Natural gas",2264,2015, GWh
"Natural gas",3710,2016, GWh
"Natural gas",3679,2017, GWh
"Natural gas",3750,2018, GWh
"Natural gas",5790,2019, GWh
"Natural gas",6848,2020, GWh
"Natural gas",7291,2021, GWh
"Natural gas",4311,2022, GWh
"Natural gas",3664,2023, GWh
"Nuclear",13590,2000, GWh
"Nuclear",14749,2001, GWh
"Nuclear",18738,2002, GWh
"Nuclear",25872,2003, GWh
"Nuclear",26325,2004, GWh
"Nuclear",24728,2005, GWh
"Nuclear",26046,2006, GWh
"Nuclear",26172,2007, GWh
"Nuclear",26551,2008, GWh
"Nuclear",27208,2009, GWh
"Nuclear",27998,2010, GWh
"Nuclear",28283,2011, GWh
"Nuclear",30324,2012, GWh
"Nuclear",30745,2013, GWh
"Nuclear",30325,2014, GWh
"Nuclear",26841,2015, GWh
"Nuclear",24104,2016, GWh
"Nuclear",28339,2017, GWh
"Nuclear",29921,2018, GWh
"Nuclear",30246,2019, GWh
"Nuclear",30043,2020, GWh
"Nuclear",30731,2021, GWh
"Nuclear",31021,2022, GWh
"Nuclear",30410,2023, GWh
"Hydro",2313,2000, GWh
"Hydro",2467,2001, GWh
"Hydro",2845,2002, GWh
"Hydro",1794,2003, GWh
"Hydro",2562,2004, GWh
"Hydro",3027,2005, GWh
"Hydro",3257,2006, GWh
"Hydro",2523,2007, GWh
"Hydro",2376,2008, GWh
"Hydro",2982,2009, GWh
"Hydro",3380,2010, GWh
"Hydro",2664,2011, GWh
"Hydro",2860,2012, GWh
"Hydro",3639,2013, GWh
"Hydro",2961,2014, GWh
"Hydro",3071,2015, GWh
"Hydro",3202,2016, GWh
"Hydro",3039,2017, GWh
"Hydro",2679,2018, GWh
"Hydro",3174,2019, GWh
"Hydro",3436,2020, GWh
"Hydro",3619,2021, GWh
"Hydro",3083,2022, GWh
"Hydro",3427,2023, GWh
"Biofuels",517,2000, GWh
"Biofuels",514,2001, GWh
"Biofuels",494,2002, GWh
"Biofuels",481,2003, GWh
"Biofuels",702,2004, GWh
"Biofuels",720,2005, GWh
"Biofuels",908,2006, GWh
"Biofuels",1183,2007, GWh
"Biofuels",1438,2008, GWh
"Biofuels",1837,2009, GWh
"Biofuels",2127,2010, GWh
"Biofuels",2616,2011, GWh
"Biofuels",3285,2012, GWh
"Biofuels",3977,2013, GWh
"Biofuels",4575,2014, GWh
"Biofuels",4703,2015, GWh
"Biofuels",4657,2016, GWh
"Biofuels",4852,2017, GWh
"Biofuels",4728,2018, GWh
"Biofuels",4926,2019, GWh
"Biofuels",5095,2020, GWh
"Biofuels",5257,2021, GWh
"Biofuels",5275,2022, GWh
"Biofuels",5040,2023, GWh
"Waste",14,2000, GWh
"Waste",14,2001, GWh
"Waste",17,2002, GWh
"Waste",17,2003, GWh
"Waste",17,2004, GWh
"Waste",18,2005, GWh
"Waste",19,2006, GWh
"Waste",20,2007, GWh
"Waste",22,2008, GWh
"Waste",21,2009, GWh
"Waste",62,2010, GWh
"Waste",157,2011, GWh
"Waste",151,2012, GWh
"Waste",148,2013, GWh
"Waste",157,2014, GWh
"Waste",165,2015, GWh
"Waste",179,2016, GWh
"Waste",206,2017, GWh
"Waste",180,2018, GWh
"Waste",189,2019, GWh
"Waste",213,2020, GWh
"Waste",228,2021, GWh
"Waste",231,2022, GWh
"Waste",270,2023, GWh
"Wind",1,2000, GWh
"Wind",,2001, GWh
"Wind",2,2002, GWh
"Wind",5,2003, GWh
"Wind",10,2004, GWh
"Wind",21,2005, GWh
"Wind",49,2006, GWh
"Wind",125,2007, GWh
"Wind",245,2008, GWh
"Wind",288,2009, GWh
"Wind",335,2010, GWh
"Wind",397,2011, GWh
"Wind",416,2012, GWh
"Wind",481,2013, GWh
"Wind",477,2014, GWh
"Wind",573,2015, GWh
"Wind",497,2016, GWh
"Wind",591,2017, GWh
"Wind",609,2018, GWh
"Wind",700,2019, GWh
"Wind",699,2020, GWh
"Wind",601,2021, GWh
"Wind",641,2022, GWh
"Wind",701,2023, GWh
"Solar PV",0,2000, GWh
"Solar PV",0,2001, GWh
"Solar PV",0,2002, GWh
"Solar PV",0,2003, GWh
"Solar PV",0,2004, GWh
"Solar PV",0,2005, GWh
"Solar PV",1,2006, GWh
"Solar PV",2,2007, GWh
"Solar PV",13,2008, GWh
"Solar PV",89,2009, GWh
"Solar PV",616,2010, GWh
"Solar PV",2182,2011, GWh
"Solar PV",2149,2012, GWh
"Solar PV",2033,2013, GWh
"Solar PV",2123,2014, GWh
"Solar PV",2264,2015, GWh
"Solar PV",2131,2016, GWh
"Solar PV",2199,2017, GWh
"Solar PV",2364,2018, GWh
"Solar PV",2316,2019, GWh
"Solar PV",2294,2020, GWh
"Solar PV",2249,2021, GWh
"Solar PV",2626,2022, GWh
"Solar PV",2892,2023, GWh
"Other sources",,2000, GWh
"Other sources",,2001, GWh
"Other sources",,2002, GWh
"Other sources",,2003, GWh
"Other sources",1,2004, GWh
"Other sources",1,2005, GWh
"Other sources",1,2006, GWh
"Other sources",1,2007, GWh
"Other sources",1,2008, GWh
"Other sources",,2009, GWh
"Other sources",85,2010, GWh
"Other sources",84,2011, GWh
"Other sources",74,2012, GWh
"Other sources",75,2013, GWh
"Other sources",88,2014, GWh
"Other sources",80,2015, GWh
"Other sources",96,2016, GWh
"Other sources",103,2017, GWh
"Other sources",125,2018, GWh
"Other sources",124,2019, GWh
"Other sources",118,2020, GWh
"Other sources",136,2021, GWh
"Other sources",132,2022, GWh
"Other sources",114,2023, GWh