"electricity generation in Hungary",Value,Year,Units
"Coal",9707,2000, GWh
"Coal",8923,2001, GWh
"Coal",9063,2002, GWh
"Coal",9254,2003, GWh
"Coal",8339,2004, GWh
"Coal",7146,2005, GWh
"Coal",7092,2006, GWh
"Coal",7487,2007, GWh
"Coal",7205,2008, GWh
"Coal",6415,2009, GWh
"Coal",6350,2010, GWh
"Coal",6609,2011, GWh
"Coal",6492,2012, GWh
"Coal",6384,2013, GWh
"Coal",6114,2014, GWh
"Coal",5908,2015, GWh
"Coal",5758,2016, GWh
"Coal",5098,2017, GWh
"Coal",4834,2018, GWh
"Coal",4184,2019, GWh
"Coal",3826,2020, GWh
"Coal",3105,2021, GWh
"Coal",3064,2022, GWh
"Coal",2509,2023, GWh
"Oil",4404,2000, GWh
"Oil",4192,2001, GWh
"Oil",2137,2002, GWh
"Oil",1626,2003, GWh
"Oil",773,2004, GWh
"Oil",455,2005, GWh
"Oil",521,2006, GWh
"Oil",535,2007, GWh
"Oil",355,2008, GWh
"Oil",633,2009, GWh
"Oil",490,2010, GWh
"Oil",144,2011, GWh
"Oil",185,2012, GWh
"Oil",78,2013, GWh
"Oil",76,2014, GWh
"Oil",77,2015, GWh
"Oil",63,2016, GWh
"Oil",86,2017, GWh
"Oil",91,2018, GWh
"Oil",71,2019, GWh
"Oil",45,2020, GWh
"Oil",59,2021, GWh
"Oil",59,2022, GWh
"Oil",55,2023, GWh
"Natural gas",6602,2000, GWh
"Natural gas",8861,2001, GWh
"Natural gas",10738,2002, GWh
"Natural gas",11883,2003, GWh
"Natural gas",11719,2004, GWh
"Natural gas",12379,2005, GWh
"Natural gas",13160,2006, GWh
"Natural gas",15232,2007, GWh
"Natural gas",15176,2008, GWh
"Natural gas",10422,2009, GWh
"Natural gas",11598,2010, GWh
"Natural gas",10738,2011, GWh
"Natural gas",9401,2012, GWh
"Natural gas",5541,2013, GWh
"Natural gas",4240,2014, GWh
"Natural gas",5108,2015, GWh
"Natural gas",6479,2016, GWh
"Natural gas",7869,2017, GWh
"Natural gas",7282,2018, GWh
"Natural gas",8700,2019, GWh
"Natural gas",9091,2020, GWh
"Natural gas",9653,2021, GWh
"Natural gas",8873,2022, GWh
"Natural gas",7279,2023, GWh
"Nuclear",14180,2000, GWh
"Nuclear",14126,2001, GWh
"Nuclear",13953,2002, GWh
"Nuclear",11013,2003, GWh
"Nuclear",11915,2004, GWh
"Nuclear",13834,2005, GWh
"Nuclear",13461,2006, GWh
"Nuclear",14677,2007, GWh
"Nuclear",14818,2008, GWh
"Nuclear",15426,2009, GWh
"Nuclear",15761,2010, GWh
"Nuclear",15685,2011, GWh
"Nuclear",15793,2012, GWh
"Nuclear",15370,2013, GWh
"Nuclear",15649,2014, GWh
"Nuclear",15834,2015, GWh
"Nuclear",16054,2016, GWh
"Nuclear",16098,2017, GWh
"Nuclear",15733,2018, GWh
"Nuclear",16288,2019, GWh
"Nuclear",16055,2020, GWh
"Nuclear",15990,2021, GWh
"Nuclear",15812,2022, GWh
"Nuclear",15918,2023, GWh
"Hydro",178,2000, GWh
"Hydro",186,2001, GWh
"Hydro",194,2002, GWh
"Hydro",171,2003, GWh
"Hydro",205,2004, GWh
"Hydro",202,2005, GWh
"Hydro",186,2006, GWh
"Hydro",210,2007, GWh
"Hydro",213,2008, GWh
"Hydro",228,2009, GWh
"Hydro",188,2010, GWh
"Hydro",222,2011, GWh
"Hydro",213,2012, GWh
"Hydro",213,2013, GWh
"Hydro",301,2014, GWh
"Hydro",234,2015, GWh
"Hydro",259,2016, GWh
"Hydro",220,2017, GWh
"Hydro",222,2018, GWh
"Hydro",219,2019, GWh
"Hydro",244,2020, GWh
"Hydro",212,2021, GWh
"Hydro",178,2022, GWh
"Hydro",222,2023, GWh
"Biofuels",10,2000, GWh
"Biofuels",14,2001, GWh
"Biofuels",12,2002, GWh
"Biofuels",127,2003, GWh
"Biofuels",699,2004, GWh
"Biofuels",1599,2005, GWh
"Biofuels",1170,2006, GWh
"Biofuels",1422,2007, GWh
"Biofuels",1829,2008, GWh
"Biofuels",2222,2009, GWh
"Biofuels",2152,2010, GWh
"Biofuels",1740,2011, GWh
"Biofuels",1544,2012, GWh
"Biofuels",1696,2013, GWh
"Biofuels",1989,2014, GWh
"Biofuels",1953,2015, GWh
"Biofuels",1826,2016, GWh
"Biofuels",1993,2017, GWh
"Biofuels",2134,2018, GWh
"Biofuels",2090,2019, GWh
"Biofuels",1988,2020, GWh
"Biofuels",2070,2021, GWh
"Biofuels",2008,2022, GWh
"Biofuels",1446,2023, GWh
"Waste",110,2000, GWh
"Waste",112,2001, GWh
"Waste",59,2002, GWh
"Waste",67,2003, GWh
"Waste",52,2004, GWh
"Waste",131,2005, GWh
"Waste",226,2006, GWh
"Waste",287,2007, GWh
"Waste",224,2008, GWh
"Waste",230,2009, GWh
"Waste",296,2010, GWh
"Waste",254,2011, GWh
"Waste",229,2012, GWh
"Waste",236,2013, GWh
"Waste",254,2014, GWh
"Waste",348,2015, GWh
"Waste",456,2016, GWh
"Waste",361,2017, GWh
"Waste",384,2018, GWh
"Waste",384,2019, GWh
"Waste",408,2020, GWh
"Waste",414,2021, GWh
"Waste",388,2022, GWh
"Waste",415,2023, GWh
"Wind",,2000, GWh
"Wind",1,2001, GWh
"Wind",1,2002, GWh
"Wind",4,2003, GWh
"Wind",6,2004, GWh
"Wind",10,2005, GWh
"Wind",43,2006, GWh
"Wind",110,2007, GWh
"Wind",205,2008, GWh
"Wind",331,2009, GWh
"Wind",534,2010, GWh
"Wind",626,2011, GWh
"Wind",770,2012, GWh
"Wind",718,2013, GWh
"Wind",657,2014, GWh
"Wind",693,2015, GWh
"Wind",684,2016, GWh
"Wind",758,2017, GWh
"Wind",607,2018, GWh
"Wind",729,2019, GWh
"Wind",655,2020, GWh
"Wind",664,2021, GWh
"Wind",610,2022, GWh
"Wind",646,2023, GWh
"Solar PV",,2000, GWh
"Solar PV",,2001, GWh
"Solar PV",,2002, GWh
"Solar PV",,2003, GWh
"Solar PV",,2004, GWh
"Solar PV",,2005, GWh
"Solar PV",,2006, GWh
"Solar PV",0,2007, GWh
"Solar PV",0,2008, GWh
"Solar PV",0,2009, GWh
"Solar PV",0,2010, GWh
"Solar PV",1,2011, GWh
"Solar PV",7,2012, GWh
"Solar PV",24,2013, GWh
"Solar PV",67,2014, GWh
"Solar PV",141,2015, GWh
"Solar PV",244,2016, GWh
"Solar PV",349,2017, GWh
"Solar PV",629,2018, GWh
"Solar PV",1497,2019, GWh
"Solar PV",2459,2020, GWh
"Solar PV",3796,2021, GWh
"Solar PV",4732,2022, GWh
"Solar PV",6925,2023, GWh
"Geothermal",,2000, GWh
"Geothermal",,2001, GWh
"Geothermal",,2002, GWh
"Geothermal",,2003, GWh
"Geothermal",,2004, GWh
"Geothermal",,2005, GWh
"Geothermal",,2006, GWh
"Geothermal",,2007, GWh
"Geothermal",,2008, GWh
"Geothermal",,2009, GWh
"Geothermal",,2010, GWh
"Geothermal",,2011, GWh
"Geothermal",,2012, GWh
"Geothermal",,2013, GWh
"Geothermal",,2014, GWh
"Geothermal",,2015, GWh
"Geothermal",,2016, GWh
"Geothermal",1,2017, GWh
"Geothermal",12,2018, GWh
"Geothermal",18,2019, GWh
"Geothermal",16,2020, GWh
"Geothermal",12,2021, GWh
"Geothermal",4,2022, GWh
"Geothermal",16,2023, GWh
"Other sources",,2000, GWh
"Other sources",,2001, GWh
"Other sources",,2002, GWh
"Other sources",,2003, GWh
"Other sources",,2004, GWh
"Other sources",,2005, GWh
"Other sources",,2006, GWh
"Other sources",,2007, GWh
"Other sources",,2008, GWh
"Other sources",,2009, GWh
"Other sources",,2010, GWh
"Other sources",,2011, GWh
"Other sources",,2012, GWh
"Other sources",32,2013, GWh
"Other sources",55,2014, GWh
"Other sources",63,2015, GWh
"Other sources",78,2016, GWh
"Other sources",82,2017, GWh
"Other sources",139,2018, GWh
"Other sources",111,2019, GWh
"Other sources",143,2020, GWh
"Other sources",145,2021, GWh
"Other sources",73,2022, GWh
"Other sources",114,2023, GWh