"electricity generation sources in Poland",Value,Year,Units
"Coal",137921,2000, GWh
"Coal",137107,2001, GWh
"Coal",135005,2002, GWh
"Coal",142848,2003, GWh
"Coal",142897,2004, GWh
"Coal",143245,2005, GWh
"Coal",148627,2006, GWh
"Coal",145785,2007, GWh
"Coal",140612,2008, GWh
"Coal",134873,2009, GWh
"Coal",138383,2010, GWh
"Coal",141571,2011, GWh
"Coal",136416,2012, GWh
"Coal",139758,2013, GWh
"Coal",131551,2014, GWh
"Coal",132962,2015, GWh
"Coal",132933,2016, GWh
"Coal",133438,2017, GWh
"Coal",133007,2018, GWh
"Coal",120451,2019, GWh
"Coal",109370,2020, GWh
"Coal",129810,2021, GWh
"Coal",126654,2022, GWh
"Coal",100607,2023, GWh
"Oil",1916,2000, GWh
"Oil",2398,2001, GWh
"Oil",2376,2002, GWh
"Oil",2456,2003, GWh
"Oil",2914,2004, GWh
"Oil",2757,2005, GWh
"Oil",2908,2006, GWh
"Oil",2794,2007, GWh
"Oil",2726,2008, GWh
"Oil",2723,2009, GWh
"Oil",2892,2010, GWh
"Oil",2453,2011, GWh
"Oil",2045,2012, GWh
"Oil",1782,2013, GWh
"Oil",1594,2014, GWh
"Oil",2118,2015, GWh
"Oil",2302,2016, GWh
"Oil",2020,2017, GWh
"Oil",1800,2018, GWh
"Oil",1769,2019, GWh
"Oil",1749,2020, GWh
"Oil",2004,2021, GWh
"Oil",2352,2022, GWh
"Oil",2011,2023, GWh
"Natural gas",928,2000, GWh
"Natural gas",1358,2001, GWh
"Natural gas",2198,2002, GWh
"Natural gas",2425,2003, GWh
"Natural gas",3225,2004, GWh
"Natural gas",5165,2005, GWh
"Natural gas",4580,2006, GWh
"Natural gas",4483,2007, GWh
"Natural gas",4679,2008, GWh
"Natural gas",4787,2009, GWh
"Natural gas",4798,2010, GWh
"Natural gas",5821,2011, GWh
"Natural gas",6260,2012, GWh
"Natural gas",5270,2013, GWh
"Natural gas",5328,2014, GWh
"Natural gas",6387,2015, GWh
"Natural gas",7831,2016, GWh
"Natural gas",10034,2017, GWh
"Natural gas",12634,2018, GWh
"Natural gas",14797,2019, GWh
"Natural gas",17287,2020, GWh
"Natural gas",15823,2021, GWh
"Natural gas",11354,2022, GWh
"Natural gas",16493,2023, GWh
"Hydro",4116,2000, GWh
"Hydro",4220,2001, GWh
"Hydro",3906,2002, GWh
"Hydro",3293,2003, GWh
"Hydro",3691,2004, GWh
"Hydro",3778,2005, GWh
"Hydro",3020,2006, GWh
"Hydro",2939,2007, GWh
"Hydro",2747,2008, GWh
"Hydro",2974,2009, GWh
"Hydro",3488,2010, GWh
"Hydro",2761,2011, GWh
"Hydro",2465,2012, GWh
"Hydro",2997,2013, GWh
"Hydro",2734,2014, GWh
"Hydro",2435,2015, GWh
"Hydro",2622,2016, GWh
"Hydro",3033,2017, GWh
"Hydro",2387,2018, GWh
"Hydro",2664,2019, GWh
"Hydro",2936,2020, GWh
"Hydro",3100,2021, GWh
"Hydro",3018,2022, GWh
"Hydro",3734,2023, GWh
"Biofuels",221,2000, GWh
"Biofuels",444,2001, GWh
"Biofuels",427,2002, GWh
"Biofuels",455,2003, GWh
"Biofuels",983,2004, GWh
"Biofuels",1511,2005, GWh
"Biofuels",1993,2006, GWh
"Biofuels",2556,2007, GWh
"Biofuels",3619,2008, GWh
"Biofuels",5226,2009, GWh
"Biofuels",6304,2010, GWh
"Biofuels",7601,2011, GWh
"Biofuels",10094,2012, GWh
"Biofuels",8623,2013, GWh
"Biofuels",9977,2014, GWh
"Biofuels",9936,2015, GWh
"Biofuels",7943,2016, GWh
"Biofuels",6407,2017, GWh
"Biofuels",6462,2018, GWh
"Biofuels",7578,2019, GWh
"Biofuels",8168,2020, GWh
"Biofuels",7707,2021, GWh
"Biofuels",7329,2022, GWh
"Biofuels",7856,2023, GWh
"Waste",77,2000, GWh
"Waste",75,2001, GWh
"Waste",153,2002, GWh
"Waste",30,2003, GWh
"Waste",33,2004, GWh
"Waste",41,2005, GWh
"Waste",40,2006, GWh
"Waste",18,2007, GWh
"Waste",19,2008, GWh
"Waste",25,2009, GWh
"Waste",45,2010, GWh
"Waste",31,2011, GWh
"Waste",30,2012, GWh
"Waste",34,2013, GWh
"Waste",50,2014, GWh
"Waste",75,2015, GWh
"Waste",225,2016, GWh
"Waste",393,2017, GWh
"Waste",522,2018, GWh
"Waste",672,2019, GWh
"Waste",678,2020, GWh
"Waste",932,2021, GWh
"Waste",887,2022, GWh
"Waste",878,2023, GWh
"Wind",5,2000, GWh
"Wind",14,2001, GWh
"Wind",61,2002, GWh
"Wind",124,2003, GWh
"Wind",142,2004, GWh
"Wind",135,2005, GWh
"Wind",256,2006, GWh
"Wind",522,2007, GWh
"Wind",837,2008, GWh
"Wind",1077,2009, GWh
"Wind",1664,2010, GWh
"Wind",3205,2011, GWh
"Wind",4747,2012, GWh
"Wind",6004,2013, GWh
"Wind",7676,2014, GWh
"Wind",10858,2015, GWh
"Wind",12588,2016, GWh
"Wind",14909,2017, GWh
"Wind",12798,2018, GWh
"Wind",15106,2019, GWh
"Wind",15800,2020, GWh
"Wind",16233,2021, GWh
"Wind",19779,2022, GWh
"Wind",24176,2023, GWh
"Solar PV",,2000, GWh
"Solar PV",,2001, GWh
"Solar PV",,2002, GWh
"Solar PV",,2003, GWh
"Solar PV",,2004, GWh
"Solar PV",,2005, GWh
"Solar PV",,2006, GWh
"Solar PV",,2007, GWh
"Solar PV",,2008, GWh
"Solar PV",,2009, GWh
"Solar PV",,2010, GWh
"Solar PV",0,2011, GWh
"Solar PV",1,2012, GWh
"Solar PV",1,2013, GWh
"Solar PV",7,2014, GWh
"Solar PV",57,2015, GWh
"Solar PV",124,2016, GWh
"Solar PV",165,2017, GWh
"Solar PV",300,2018, GWh
"Solar PV",710,2019, GWh
"Solar PV",1957,2020, GWh
"Solar PV",3934,2021, GWh
"Solar PV",8309,2022, GWh
"Solar PV",11107,2023, GWh
"Other sources",,2000, GWh
"Other sources",,2001, GWh
"Other sources",,2002, GWh
"Other sources",,2003, GWh
"Other sources",274,2004, GWh
"Other sources",304,2005, GWh
"Other sources",318,2006, GWh
"Other sources",251,2007, GWh
"Other sources",66,2008, GWh
"Other sources",35,2009, GWh
"Other sources",83,2010, GWh
"Other sources",105,2011, GWh
"Other sources",81,2012, GWh
"Other sources",111,2013, GWh
"Other sources",142,2014, GWh
"Other sources",116,2015, GWh
"Other sources",67,2016, GWh
"Other sources",61,2017, GWh
"Other sources",124,2018, GWh
"Other sources",237,2019, GWh
"Other sources",93,2020, GWh
"Other sources",83,2021, GWh
"Other sources",61,2022, GWh
"Other sources",496,2023, GWh