"electricity generation sources in The Netherlands",Value,Year,Units
"Coal",27114,2000, GWh
"Coal",28521,2001, GWh
"Coal",28988,2002, GWh
"Coal",29742,2003, GWh
"Coal",28135,2004, GWh
"Coal",26928,2005, GWh
"Coal",26508,2006, GWh
"Coal",28466,2007, GWh
"Coal",26814,2008, GWh
"Coal",26607,2009, GWh
"Coal",25800,2010, GWh
"Coal",24738,2011, GWh
"Coal",27313,2012, GWh
"Coal",27539,2013, GWh
"Coal",32420,2014, GWh
"Coal",42233,2015, GWh
"Coal",39543,2016, GWh
"Coal",34125,2017, GWh
"Coal",30386,2018, GWh
"Coal",20049,2019, GWh
"Coal",10102,2020, GWh
"Coal",17364,2021, GWh
"Coal",17399,2022, GWh
"Coal",10706,2023, GWh
"Oil",2641,2000, GWh
"Oil",2646,2001, GWh
"Oil",2363,2002, GWh
"Oil",2493,2003, GWh
"Oil",2431,2004, GWh
"Oil",2262,2005, GWh
"Oil",2095,2006, GWh
"Oil",2219,2007, GWh
"Oil",2065,2008, GWh
"Oil",1487,2009, GWh
"Oil",1253,2010, GWh
"Oil",1406,2011, GWh
"Oil",1059,2012, GWh
"Oil",1203,2013, GWh
"Oil",1906,2014, GWh
"Oil",1317,2015, GWh
"Oil",1255,2016, GWh
"Oil",1165,2017, GWh
"Oil",1323,2018, GWh
"Oil",1422,2019, GWh
"Oil",1351,2020, GWh
"Oil",1343,2021, GWh
"Oil",1594,2022, GWh
"Oil",1530,2023, GWh
"Natural gas",51522,2000, GWh
"Natural gas",53771,2001, GWh
"Natural gas",55280,2002, GWh
"Natural gas",55020,2003, GWh
"Natural gas",59987,2004, GWh
"Natural gas",57599,2005, GWh
"Natural gas",57142,2006, GWh
"Natural gas",61010,2007, GWh
"Natural gas",63359,2008, GWh
"Natural gas",68872,2009, GWh
"Natural gas",75333,2010, GWh
"Natural gas",69475,2011, GWh
"Natural gas",56565,2012, GWh
"Natural gas",56070,2013, GWh
"Natural gas",51522,2014, GWh
"Natural gas",45814,2015, GWh
"Natural gas",52531,2016, GWh
"Natural gas",57733,2017, GWh
"Natural gas",57630,2018, GWh
"Natural gas",70719,2019, GWh
"Natural gas",72524,2020, GWh
"Natural gas",56690,2021, GWh
"Natural gas",47742,2022, GWh
"Natural gas",45952,2023, GWh
"Nuclear",3926,2000, GWh
"Nuclear",3976,2001, GWh
"Nuclear",3915,2002, GWh
"Nuclear",4018,2003, GWh
"Nuclear",3822,2004, GWh
"Nuclear",3997,2005, GWh
"Nuclear",3469,2006, GWh
"Nuclear",4200,2007, GWh
"Nuclear",4169,2008, GWh
"Nuclear",4248,2009, GWh
"Nuclear",3969,2010, GWh
"Nuclear",4141,2011, GWh
"Nuclear",3915,2012, GWh
"Nuclear",2891,2013, GWh
"Nuclear",4091,2014, GWh
"Nuclear",4078,2015, GWh
"Nuclear",3960,2016, GWh
"Nuclear",3402,2017, GWh
"Nuclear",3514,2018, GWh
"Nuclear",3909,2019, GWh
"Nuclear",4087,2020, GWh
"Nuclear",3827,2021, GWh
"Nuclear",4156,2022, GWh
"Nuclear",3985,2023, GWh
"Hydro",142,2000, GWh
"Hydro",117,2001, GWh
"Hydro",110,2002, GWh
"Hydro",72,2003, GWh
"Hydro",95,2004, GWh
"Hydro",88,2005, GWh
"Hydro",106,2006, GWh
"Hydro",107,2007, GWh
"Hydro",102,2008, GWh
"Hydro",98,2009, GWh
"Hydro",105,2010, GWh
"Hydro",57,2011, GWh
"Hydro",104,2012, GWh
"Hydro",114,2013, GWh
"Hydro",112,2014, GWh
"Hydro",93,2015, GWh
"Hydro",100,2016, GWh
"Hydro",60,2017, GWh
"Hydro",72,2018, GWh
"Hydro",74,2019, GWh
"Hydro",46,2020, GWh
"Hydro",88,2021, GWh
"Hydro",49,2022, GWh
"Hydro",69,2023, GWh
"Biofuels",721,2000, GWh
"Biofuels",1134,2001, GWh
"Biofuels",1693,2002, GWh
"Biofuels",1337,2003, GWh
"Biofuels",2129,2004, GWh
"Biofuels",3989,2005, GWh
"Biofuels",3862,2006, GWh
"Biofuels",2606,2007, GWh
"Biofuels",3722,2008, GWh
"Biofuels",4540,2009, GWh
"Biofuels",5279,2010, GWh
"Biofuels",5025,2011, GWh
"Biofuels",4968,2012, GWh
"Biofuels",3879,2013, GWh
"Biofuels",3105,2014, GWh
"Biofuels",2965,2015, GWh
"Biofuels",2901,2016, GWh
"Biofuels",2700,2017, GWh
"Biofuels",2380,2018, GWh
"Biofuels",3740,2019, GWh
"Biofuels",6646,2020, GWh
"Biofuels",8709,2021, GWh
"Biofuels",7594,2022, GWh
"Biofuels",5625,2023, GWh
"Waste",2481,2000, GWh
"Waste",2419,2001, GWh
"Waste",2441,2002, GWh
"Waste",2569,2003, GWh
"Waste",2507,2004, GWh
"Waste",2694,2005, GWh
"Waste",2733,2006, GWh
"Waste",2907,2007, GWh
"Waste",2874,2008, GWh
"Waste",3084,2009, GWh
"Waste",3327,2010, GWh
"Waste",3768,2011, GWh
"Waste",3991,2012, GWh
"Waste",3774,2013, GWh
"Waste",3535,2014, GWh
"Waste",3698,2015, GWh
"Waste",3799,2016, GWh
"Waste",3670,2017, GWh
"Waste",4244,2018, GWh
"Waste",4040,2019, GWh
"Waste",4163,2020, GWh
"Waste",4197,2021, GWh
"Waste",4209,2022, GWh
"Waste",3787,2023, GWh
"Wind",829,2000, GWh
"Wind",825,2001, GWh
"Wind",947,2002, GWh
"Wind",1320,2003, GWh
"Wind",1871,2004, GWh
"Wind",2067,2005, GWh
"Wind",2735,2006, GWh
"Wind",3438,2007, GWh
"Wind",4260,2008, GWh
"Wind",4581,2009, GWh
"Wind",3994,2010, GWh
"Wind",5101,2011, GWh
"Wind",4981,2012, GWh
"Wind",5627,2013, GWh
"Wind",5797,2014, GWh
"Wind",7550,2015, GWh
"Wind",8170,2016, GWh
"Wind",10568,2017, GWh
"Wind",10548,2018, GWh
"Wind",11507,2019, GWh
"Wind",15277,2020, GWh
"Wind",18123,2021, GWh
"Wind",21565,2022, GWh
"Wind",29525,2023, GWh
"Solar PV",8,2000, GWh
"Solar PV",12,2001, GWh
"Solar PV",17,2002, GWh
"Solar PV",26,2003, GWh
"Solar PV",34,2004, GWh
"Solar PV",35,2005, GWh
"Solar PV",36,2006, GWh
"Solar PV",37,2007, GWh
"Solar PV",39,2008, GWh
"Solar PV",45,2009, GWh
"Solar PV",56,2010, GWh
"Solar PV",104,2011, GWh
"Solar PV",191,2012, GWh
"Solar PV",410,2013, GWh
"Solar PV",726,2014, GWh
"Solar PV",1108,2015, GWh
"Solar PV",1602,2016, GWh
"Solar PV",2204,2017, GWh
"Solar PV",3707,2018, GWh
"Solar PV",5399,2019, GWh
"Solar PV",8567,2020, GWh
"Solar PV",11303,2021, GWh
"Solar PV",16656,2022, GWh
"Solar PV",19578,2023, GWh
"Other sources",247,2000, GWh
"Other sources",242,2001, GWh
"Other sources",227,2002, GWh
"Other sources",221,2003, GWh
"Other sources",203,2004, GWh
"Other sources",262,2005, GWh
"Other sources",147,2006, GWh
"Other sources",175,2007, GWh
"Other sources",148,2008, GWh
"Other sources",130,2009, GWh
"Other sources",154,2010, GWh
"Other sources",148,2011, GWh
"Other sources",147,2012, GWh
"Other sources",123,2013, GWh
"Other sources",145,2014, GWh
"Other sources",1359,2015, GWh
"Other sources",1293,2016, GWh
"Other sources",1536,2017, GWh
"Other sources",571,2018, GWh
"Other sources",544,2019, GWh
"Other sources",512,2020, GWh
"Other sources",521,2021, GWh
"Other sources",602,2022, GWh
"Other sources",570,2023, GWh